Id,preco
0,1460421.8798262205
1,254156.48431214847
2,595857.1865222091
3,220150.39993803273
4,276401.2864723177
5,274888.3567441751
6,661065.5090560807
7,297909.174556062
8,315443.4010984914
9,707496.4235470576
10,569832.1060978979
11,460690.47861221497
12,1026495.2660667484
13,344726.848856188
14,761162.6112072234
15,544708.0590130367
16,359109.6582110464
17,355304.7657472095
18,328268.9780095836
19,866637.2956147944
20,800061.2535738874
21,279671.9649856243
22,315301.1984182953
23,371421.34291800467
24,296264.0606319228
25,334327.2203424812
26,408003.03007438837
27,531029.8014975549
28,761940.2463636863
29,922251.8295573913
30,340236.64529997867
31,1240023.3741619284
32,1200369.80623781
33,1367479.6882970172
34,1108359.4746315894
35,332416.3223958392
36,470902.17131663923
37,2772818.7705425364
38,398350.47193499934
39,341743.6018671775
40,2013130.262212622
41,629405.610165391
42,351321.48677126993
43,1145341.937823606
44,815517.5613923535
45,256879.98197713654
46,1003096.9678632166
47,621069.370085692
48,259204.38335321084
49,407371.8185937435
50,497850.0435455957
51,337194.8995917217
52,694769.7990574766
53,773305.4883075589
54,854139.9361918813
55,286729.84006691404
56,588792.0456875771
57,349849.5147531541
58,783056.0941618638
59,1127590.73203807
60,2802975.1017270205
61,599583.2904861311
62,1243627.1202233995
63,3941538.10392865
64,385646.95008852513
65,391929.9118255844
66,487094.85383639997
67,1125429.354601314
68,821601.5527569766
69,372175.5651879704
70,2027434.3684385354
71,251008.84571100224
72,485288.3185423401
73,335733.59712832165
74,253789.597146131
75,2444943.2955816356
76,295148.29498010007
77,409413.80119426246
78,170504.19001200458
79,301444.9962182176
80,518560.2111714114
81,406258.0008866054
82,276375.07601581933
83,1609370.778499011
84,2479826.647039298
85,363689.2614180001
86,395842.713261926
87,545602.8751663093
88,408003.03007438837
89,346375.10100839194
90,469677.08801979944
91,851901.4790950138
92,148431.69787188794
93,293355.23564759566
94,192752.20439970942
95,683855.6025360146
96,796748.5254076603
97,1516509.2218286486
98,359401.9420631177
99,598718.9221348985
100,405503.34768712
101,406697.77768071427
102,1240675.7151866083
103,855169.1218307379
104,445147.54016191873
105,774753.5479248482
106,857836.1403502638
107,866103.1573092161
108,336302.98053157923
109,548358.680650132
110,414125.6074428983
111,702862.2158387685
112,239448.18868183403
113,353566.1571314758
114,728658.0440564798
115,365257.8213921199
116,609594.286977052
117,3340340.590055327
118,786559.3071702225
119,313577.5232964393
120,1951289.8013627522
121,297171.7276976115
122,584673.7693143354
123,268288.0594324425
124,292225.7273585572
125,637309.8618034569
126,307484.20509545464
127,1249641.9770858223
128,295660.4717833925
129,1110488.6263051694
130,834449.7123397085
131,2885659.352957861
132,486245.5747486223
133,1206897.3628038652
134,1141205.0871142107
135,561225.3819237535
136,517903.84337469673
137,1239047.4782795126
138,763506.7784880965
139,397918.1845710151
140,2135549.8243387453
141,396358.496087389
142,352528.52490989206
143,1371087.073191764
144,363051.7224157449
145,450767.0717737077
146,271612.82323255256
147,1506519.826808
148,523256.70410364924
149,1004039.8200015955
150,439767.51163470064
151,569905.1695375254
152,985995.112177537
153,729932.4021211418
154,380560.4732499799
155,418121.36033248546
156,488103.36587031366
157,351306.9044193663
158,646639.467400223
159,1566364.6379567725
160,1200796.4584316602
161,467669.6053040747
162,1070909.3020156836
163,501477.32775091624
164,337493.5847329403
165,331705.6011441941
166,589584.7569919474
167,543454.4388382827
168,291790.1952267745
169,737591.9463364773
170,505328.44704161165
171,426764.28487020155
172,589270.6647069331
173,668927.8976449579
174,503689.33337310835
175,1837851.462707903
176,642967.8916765423
177,360187.37949147867
178,1093288.5682630732
179,286490.50336307235
180,963955.377571269
181,387912.0664357937
182,2019521.3207615253
183,597010.9029233215
184,653878.2890197447
185,409169.31853384245
186,589727.7492558961
187,467240.08809508523
188,1423005.3318039502
189,369531.9310279147
190,1658733.211426713
191,1097618.7453943563
192,294924.3936356667
193,368013.2791574143
194,268252.2036172911
195,659838.484771651
196,239415.5747020689
197,1143518.5567004432
198,298784.3124703115
199,525480.2886400098
200,1077762.195085286
201,376960.59374149673
202,570642.8094854738
203,973508.9042530166
204,640119.5584187633
205,260870.5613923253
206,185423.30574834015
207,376504.89840544655
208,1133128.1573124747
209,1582932.4161869567
210,725340.9059490337
211,3365608.0164797897
212,474274.946619113
213,582735.6243424619
214,994443.5501064252
215,354113.0853834057
216,318997.8640582493
217,561501.2166593769
218,478322.6136703436
219,297000.3081274668
220,558659.8204948097
221,1011619.6769402092
222,2451433.3354543704
223,293859.84020816826
224,367373.63559243357
225,544846.4416001755
226,382244.47843960475
227,573280.1824456331
228,2437057.685405771
229,547629.2792540493
230,383171.7467142757
231,407590.82671310724
232,361166.545656514
233,663502.220460682
234,493491.6348385527
235,270356.652398946
236,1091813.1147804416
237,1283346.8498488811
238,1131626.7255837095
239,480237.30331833416
240,826281.5937458631
241,255463.33902306386
242,533250.0208046498
243,410583.9414962525
244,713801.0114568946
245,368584.01518781984
246,531064.9452656349
247,588087.4340537074
248,459966.9275715385
249,875178.265866089
250,1495353.0301021484
251,333490.79106892913
252,545226.7662733437
253,506288.13412195334
254,717091.7005492859
255,831945.2689763977
256,322233.2204731889
257,756551.0997785315
258,2618219.8339568507
259,1061141.1178403615
260,527808.8514903458
261,590519.7445062534
262,273717.1803852586
263,897152.6034675718
264,250556.17204324983
265,357536.98761526967
266,351752.75234089186
267,645459.8005893959
268,357482.43741498515
269,1141205.0871142107
270,343751.63903621817
271,717513.5937119101
272,660221.5266247997
273,482594.6388334605
274,484580.9818646684
275,370936.34643264627
276,330982.04169928515
277,1314568.2580308395
278,322233.2204731889
279,790782.477578875
280,255395.01652703548
281,896987.2672879802
282,356299.67236159963
283,348563.4805480705
284,1292766.7616864864
285,2104487.9133802108
286,352665.3218662567
287,851492.8550221547
288,566596.0810209219
289,1005923.3740941649
290,822374.9531700435
291,908098.1546340191
292,783821.0408634534
293,606209.5426162484
294,2243766.151581386
295,429202.55250538455
296,546519.2020408562
297,1026776.3239036043
298,422806.1413394931
299,763451.5212444824
300,946421.2628525743
301,729771.2828944266
302,369825.1979964354
303,510518.0393816504
304,346048.8680237617
305,289419.2835309712
306,295080.47922440246
307,584000.5380118771
308,401424.42161094374
309,590236.9758696894
310,219622.78992066122
311,1278992.4754953743
312,1356744.7239072032
313,449623.9476791949
314,364855.3272498637
315,1130227.0685823224
316,1331321.2075632955
317,993857.8225991192
318,385280.19338859664
319,374738.6648843897
320,314100.9232428801
321,1523735.0260552154
322,982643.8239234709
323,390091.09906680067
324,259461.43733195285
325,555955.8172343024
326,424435.94872468786
327,2445509.443055451
328,1123331.8487282896
329,404299.50724933663
330,725083.3772927969
331,385270.4356530203
332,565457.4754994939
333,1136339.3711979447
334,1302104.8218189396
335,471308.8223913871
336,244959.95437746946
337,491211.5430962119
338,921717.5791848756
339,411306.332458406
340,402539.7608801329
341,989399.60935533
342,935166.7979465473
343,1212210.617276982
344,617597.3047674843
345,641143.3096940361
346,499216.9366788006
347,638239.6190139819
348,606804.8185220085
349,1013632.0948679814
350,383537.5939642946
351,1334249.4532022057
352,501259.29896434984
353,1025164.2394218914
354,377374.9536084903
355,636955.6503676214
356,525919.1412685304
357,1130295.6681140228
358,342859.21666148485
359,816556.6539962683
360,325984.28338772774
361,961580.3800424505
362,242908.53638067128
363,333709.90203187964
364,392654.9230381105
365,791805.8392107161
366,1256724.9153415042
367,259144.7866000183
368,1403212.5455640017
369,1721998.5956475737
370,324048.7072623765
371,351331.84634533693
372,630220.7554873689
373,1262063.551452519
374,714113.244327964
375,2364087.7005512756
376,323940.61636620347
377,435173.0112386985
378,905483.1882951834
379,524312.8841483012
380,497512.56162835995
381,315443.4010984914
382,461073.6783629752
383,750807.165244436
384,540432.7209674795
385,454343.44207885326
386,1115788.4660447456
387,916950.5712877725
388,341337.20568227884
389,809394.3590851349
390,503184.66187581536
391,417707.4461875793
392,702127.6168285494
393,525580.4736703505
394,364855.3272498637
395,339506.257102805
396,416241.1117039403
397,466549.9999121953
398,590115.3086984257
399,684012.2054354725
400,629551.76823764
401,385317.95276926237
402,491401.8743994102
403,381109.18467748206
404,728708.3382422501
405,1611123.2463415342
406,330770.5721836566
407,508140.2362954138
408,896058.8779137492
409,513366.9559802928
410,426800.66394983156
411,305466.8867368389
412,259313.74192699578
413,409392.25128706853
414,467560.0260092958
415,558257.5403317375
416,651289.6993995046
417,447654.8010741453
418,347404.9508400934
419,263250.3462978485
420,420878.132567668
421,398879.102822981
422,281193.2621541256
423,258031.57562933784
424,255685.98050634924
425,594986.0976602219
426,911682.2862964219
427,1073954.5443729989
428,2043706.008154928
429,365358.3362166327
430,267490.3099674701
431,300554.30625681736
432,989356.8692782614
433,190707.35807629887
434,1061559.5799407146
435,520122.2307190972
436,1665487.0286744575
437,1190700.859778838
438,319598.7740948863
439,204668.14186873182
440,669205.1763114647
441,347383.275009316
442,270006.9351089439
443,396147.41768445104
444,814157.7100461661
445,748828.8664384247
446,247580.10105228866
447,390317.22783261916
448,852135.5142929916
449,343905.04662917287
450,240571.7081711706
451,1013632.0948679814
452,1026230.5486178612
453,413186.30223083857
454,305688.5491283133
455,536491.937420764
456,771206.2228608545
457,406469.23271170986
458,351289.92674863146
459,346422.70022737945
460,255395.01652703548
461,684799.1561598938
462,370608.076202512
463,557002.661410785
464,307453.9096287603
465,489852.77263832506
466,1201820.1408172487
467,1311371.869849159
468,919322.9606546749
469,3297663.7241851827
470,1001364.4874098144
471,581716.2579503683
472,346680.04425845435
473,198395.21475013767
474,385958.57870233274
475,1115164.9421865346
476,869382.4891703007
477,446259.88375077065
478,225035.71352489886
479,746811.3156735572
480,485385.110473267
481,1443604.9388190585
482,612810.1073958675
483,398403.5962873396
484,542826.3259329462
485,682474.4479315549
486,1413184.1255186158
487,470538.3605717066
488,846408.5652445755
489,361661.63493396895
490,739724.9126127424
491,309352.2445081228
492,389572.8888721969
493,353031.65941201115
494,539566.269655357
495,1936931.6093728694
496,838878.6753418865
497,571389.8777461324
498,605501.6027641224
499,471467.523265649
500,1086835.0308990304
501,1339407.334319753
502,518064.310398908
503,291750.744543941
504,352461.0385748385
505,1314977.896617479
506,1227037.3260857356
507,490962.60101765336
508,216056.09846719846
509,506843.8654314454
510,696984.0556899507
511,508084.958803097
512,1489466.3145524198
513,335065.0663670672
514,354207.5036403731
515,414371.3819053508
516,754497.3569818333
517,649945.84846581
518,595960.9735301012
519,421023.149432204
520,1951581.8239485195
521,805477.6951226847
522,599583.2904861311
523,248613.21496970518
524,1013632.0948679814
525,1214131.7780753826
526,859057.3096836049
527,1849540.789699314
528,558852.0583905407
529,309946.0007158582
530,942717.9313873628
531,929469.8261419797
532,560103.6414763458
533,809281.2964844841
534,350637.4608794087
535,367306.92226099607
536,434441.7001784797
537,2078133.8833250348
538,1221041.0467333372
539,1085996.2482302212
540,345711.2232499971
541,294097.9123983704
542,604994.3775762059
543,992996.5404867238
544,395994.345511254
545,516901.4754024919
546,289310.1252004913
547,1008973.7871746615
548,354979.82974052354
549,342821.2789368475
550,600379.8236094734
551,434193.15695593593
552,914252.4723051977
553,399852.2583668315
554,378999.3119496011
555,383995.0918652041
556,364202.5570681391
557,395578.2622460308
558,326236.85666953924
559,1250335.5015354478
560,586436.2857134328
561,458423.06417113764
562,248039.61733279997
563,526085.9707276229
564,545549.47100105
565,580462.9011837221
566,329739.60877140745
567,313265.8286429718
568,582572.1904672201
569,692433.6433123611
570,246981.39775207735
571,796525.5562302709
572,373368.1681340932
573,739219.9690302148
574,358014.55334620667
575,366987.45768241625
576,954349.8855508073
577,970460.4962194934
578,244574.17882124425
579,673533.8742842844
580,992204.0700774587
581,417032.85173942987
582,2602557.842758042
583,2276442.5272367536
584,369822.3780235597
585,1320383.939038152
586,756089.1069788917
587,1141205.0871142107
588,1294694.982256426
589,582846.7939430736
590,319312.79819478275
591,1072467.1101375523
592,356065.52196499374
593,492564.69657691993
594,326962.0208426155
595,371367.72401661903
596,464264.37072822097
597,400260.8927860181
598,637309.8618034569
599,496529.7763481393
600,593483.594814518
601,457203.3219635604
602,740573.0775299793
603,368619.329368761
604,438326.6148362826
605,1098170.8320742548
606,151028.74075304065
607,793932.2627388817
608,517247.3638790993
609,1037778.2572229209
610,389114.1198621693
611,580710.2169270727
612,605503.1024699718
613,731750.9286493366
614,522146.20091871225
615,2260030.5008242773
616,316504.2658231974
617,475929.3572343294
618,361665.6442221771
619,281906.8931476334
620,395168.1544785701
621,434303.899803314
622,4119714.640586527
623,1512175.1744708556
624,368136.03661760956
625,543112.5973304963
626,266090.7162382594
627,2335728.594471043
628,392113.1035918616
629,868531.3199225528
630,384325.5185096131
631,778196.3779971843
632,442469.9704347093
633,645967.3228943109
634,374176.94204150944
635,463099.91105444153
636,580932.6189383544
637,533250.0208046498
638,335857.5141300911
639,207736.97358075378
640,580060.4922697783
641,1008151.5289595244
642,373080.4115990534
643,592525.0647678833
644,438703.6196758568
645,544552.0691714226
646,346363.8316380766
647,235856.76618383732
648,386472.59645196813
649,360331.3277345088
650,509609.17891682585
651,816155.9930271318
652,409158.858855125
653,559306.3432879314
654,295414.2844847546
655,1087629.6070080958
656,290356.3322744338
657,216418.11339761948
658,377848.20489812345
659,347627.1591311644
660,547154.1931356639
661,1186356.1074872543
662,556635.8808771506
663,565870.6275429643
664,554759.1366135586
665,367972.73185062566
666,532487.1470574678
667,567472.1419013826
668,741421.8245038757
669,750272.505535349
670,1059239.8268308507
671,663502.220460682
672,289696.7131232459
673,722249.931060605
674,940379.7518897749
675,404749.187746471
676,385646.95008852513
677,497874.7530387155
678,310385.562809365
679,196454.83265204047
680,496398.0790138181
681,369376.93065519724
682,383171.7467142757
683,354218.4845410142
684,347733.3653874737
685,925037.2816599002
686,1677139.4879109336
687,384316.90462363046
688,605501.6027641224
689,259165.48894340996
690,659039.318433005
691,869071.4097353603
692,484454.70988903963
693,919400.9345921738
694,583497.1788948805
695,894763.7491133419
696,485858.05879098957
697,294912.8063513838
698,741242.75242597
699,313161.4941949863
700,476715.2726650534
701,369531.9310279147
702,587418.9594293658
703,767869.8322574112
704,857635.4631186187
705,353770.5888222845
706,310102.3718884364
707,1513528.7068438476
708,194948.50529693445
709,2264490.897583449
710,274466.02415967925
711,777594.8187233137
712,375061.11634053855
713,276375.2855851136
714,540452.6343129119
715,1108359.4746315894
716,852467.7672002394
717,1031488.1422458258
718,519848.4176515806
719,163629.52955381505
720,205357.42597217232
721,342379.8180744085
722,618817.8843021143
723,186948.7062122012
724,866443.3685914689
725,452282.0675343083
726,913550.5167040853
727,438034.55924083426
728,680424.2352190204
729,378208.08471379743
730,756343.5025139546
731,802488.785131575
732,258097.5490780465
733,338380.9819260446
734,593291.21338874
735,399884.99107962614
736,169267.98052837493
737,368651.03350861155
738,1441700.8075669615
739,660213.3771612198
740,506999.63480228814
741,2279955.383947262
742,758714.2335152291
743,378219.94035400584
744,253647.68534167737
745,339506.257102805
746,344108.2873706514
747,795644.7192385257
748,770667.1132895206
749,369021.082273677
750,377556.7454383744
751,271174.25415653706
752,234625.15133953004
753,435330.3094462691
754,331148.5059661795
755,920904.2478674015
756,422620.0575937109
757,535283.5842291244
758,390065.2143228495
759,306431.45231283986
760,601002.1269962416
761,643532.2524964558
762,560386.7573275743
763,224953.51218472607
764,917394.4109255668
765,223867.08710838074
766,880396.3350133183
767,2049959.3621034063
768,543454.4388382827
769,859057.3096836049
770,399837.6980544934
771,1132384.3703901882
772,1040800.3939684068
773,791082.4351466212
774,1874971.9424022129
775,956665.1771820921
776,2088449.3080217151
777,1282230.8032023497
778,214556.19624806658
779,344054.330748456
780,294457.5117473302
781,311820.4181546084
782,357321.9129824547
783,772273.6152187801
784,335299.97698420903
785,496888.19091300276
786,242758.4396230267
787,1058275.2202512266
788,300007.28021168977
789,129604.72799845455
790,332062.73260032077
791,786665.9882883145
792,260362.42048321877
793,353777.79713538504
794,754346.3630727103
795,512638.2220801478
796,515984.38273617235
797,279861.37927132845
798,807695.9574969234
799,422378.6091463717
800,633505.9774899725
801,347906.6222477427
802,1241481.999557148
803,1466024.5912953431
804,386974.15688464954
805,265401.33588352316
806,214774.5925063151
807,232005.3041178712
808,541016.9839697042
809,1169900.660172424
810,563043.163862371
811,569832.1060978979
812,417877.9902614817
813,306060.3436224413
814,704739.7273553595
815,808966.0766580366
816,1875168.0055842695
817,406529.5747398246
818,287822.1254488778
819,1081831.0144338491
820,750427.8787844186
821,375372.42481286806
822,531521.4991567734
823,996543.9102156415
824,406781.3519859528
825,2991013.522105747
826,297471.50434431183
827,328516.33608598664
828,541909.4107900765
829,255642.3237847329
830,922214.1365458184
831,524497.5137936457
832,176845.5607695189
833,689099.1588284909
834,225405.93767176385
835,886007.319034784
836,961776.3298887152
837,484580.9818646684
838,1149234.7504253986
839,357411.18738839205
840,343191.1591499348
841,351864.8614145372
842,768380.3194511408
843,804488.6260454522
844,773857.1730222638
845,988606.5445974295
846,365446.1921330477
847,292102.5812474766
848,397421.3628921022
849,599244.5133519176
850,540720.2226937619
851,529177.2220910903
852,415378.7246732465
853,591017.2249660646
854,352981.28155593394
855,353267.09939849045
856,352725.26619267
857,697115.4061305844
858,282478.8925735392
859,1126620.1443652436
860,317593.9427136529
861,280838.92443953844
862,538892.0101517515
863,433479.61251451913
864,336244.6532583002
865,1825325.5301219197
866,313144.19382229407
867,897793.0337390662
868,1905531.8135623415
869,330441.50135746505
870,566658.1898959104
871,1721456.9624295023
872,508544.44559171767
873,1398545.5292324985
874,1473947.068190624
875,202513.15879565952
876,1234563.0342185611
877,409243.0011020673
878,274823.794276409
879,124075.48481201168
880,538555.7067049502
881,1013632.0948679814
882,1266750.557344624
883,285110.7729974552
884,1996392.1748792212
885,2198099.497313253
886,693727.5262715428
887,246634.41754446356
888,338126.0182228809
889,770316.6991347619
890,646333.020310158
891,863762.5776245227
892,623242.4390704528
893,213404.91037174303
894,183817.3148670344
895,1429582.9260879655
896,560536.4067814095
897,241218.17362093614
898,361975.363343184
899,630222.0923051479
900,1139445.0924595667
901,482594.6388334605
902,352564.89120799967
903,894955.3700129108
904,392750.7886044814
905,516310.3996050911
906,686318.223925057
907,950649.5039436523
908,969388.062815736
909,2018835.6480995484
910,482507.04062107194
911,376100.18964465894
912,263684.13194103225
913,1715264.2929390264
914,907729.4154704553
915,866061.5138995528
916,352368.06160380604
917,2811052.9145327066
918,463942.47082915046
919,323860.12539514346
920,330803.450811408
921,2024428.4009790737
922,827150.1661304452
923,172139.20178423479
924,361100.73340617964
925,383482.6733585078
926,397173.5083363302
927,584142.3663403734
928,382366.0990564373
929,954726.3904735585
930,263629.6567540506
931,435852.6753425894
932,533571.936819274
933,402130.5902579676
934,643336.0417095396
935,180245.14416427788
936,287678.2017916754
937,2284736.1265763347
938,321288.7881915412
939,1141205.0871142107
940,415501.93911997083
941,3242659.2739231805
942,1158957.7977211291
943,764415.5972792837
944,491585.72488461103
945,1026502.7329387927
946,302766.7794767385
947,381388.70520128944
948,545173.759900503
949,975538.3906649327
950,489832.71264172625
951,477113.9909769381
952,1617131.4096862348
953,1318136.668975596
954,1151568.027810447
955,378568.57987152436
956,1659237.229613098
957,273374.42130242457
958,368345.3128842755
959,320427.3600241679
960,885636.5389237719
961,501381.292058372
962,489938.5102042096
963,451758.6829829147
964,2021826.8370871162
965,447157.7814328203
966,249072.83811699346
967,750664.6066785227
968,968037.5747425448
969,532487.1470574678
970,1509107.5902476131
971,321423.40886577807
972,487363.7333028179
973,224655.61479410453
974,291135.25302601384
975,156190.85573113122
976,329682.38449698687
977,406871.8427906104
978,2710343.472181121
979,538326.7626072714
980,206836.3676931739
981,503082.0653308779
982,348563.4805480705
983,282478.8925735392
984,258329.37931213574
985,872308.8604149896
986,1379081.8554968953
987,1403795.1843434244
988,573171.9637552473
989,342556.2960930957
990,359485.30896895664
991,992721.0877520711
992,822751.483633977
993,295242.66166500753
994,575703.7416164614
995,1057782.795787806
996,634609.1324836962
997,401665.16334131936
998,627299.3740890968
999,682359.3386699397
1000,533825.080643025
1001,3245207.476602085
1002,730360.9523975024
1003,249175.1973608211
1004,866833.7893598578
1005,269195.52551168576
1006,337849.13671444706
1007,865428.7166147915
1008,959538.4056638553
1009,302938.5476958321
1010,258990.63517264958
1011,955123.2399375543
1012,617165.3763417812
1013,369633.22476165084
1014,283507.2721720191
1015,480237.30331833416
1016,499844.87439220434
1017,174617.6041463091
1018,697712.5473485178
1019,239373.06803218412
1020,378189.77747804584
1021,308135.1431246482
1022,296958.54385837406
1023,313121.63365422
1024,2522283.0489761285
1025,964090.6126913041
1026,1237636.2120669957
1027,505294.806447331
1028,1119628.0604956183
1029,1210308.941401454
1030,503418.0774018317
1031,496371.0231510874
1032,206146.87913288904
1033,1163247.1258948778
1034,329081.6871620683
1035,399126.57279991853
1036,593722.7843509752
1037,235515.51777747646
1038,1475806.840020997
1039,402556.04797760653
1040,310153.363750464
1041,336877.3892749562
1042,243675.16510536495
1043,981214.3735741666
1044,425500.4862528534
1045,357420.712516775
1046,493364.5208553009
1047,996543.9102156415
1048,1134469.556482782
1049,1057782.795787806
1050,817592.7620052891
1051,407994.8761809601
1052,2541399.523284673
1053,1025524.8835704939
1054,1947149.8567037387
1055,369055.78700612026
1056,264165.6629699559
1057,375769.6209267374
1058,816287.3069492583
1059,1030739.4857820882
1060,375417.22301190044
1061,197928.0662045678
1062,2602557.842758042
1063,1048198.6062231457
1064,469612.2754045519
1065,525663.1676658735
1066,390484.5726258364
1067,367464.7703561577
1068,680409.5876843294
1069,946308.6602924715
1070,1396476.3862885684
1071,829265.7262016337
1072,2540128.08858549
1073,544517.1141794837
1074,371231.9189982957
1075,334512.73701953125
1076,365554.66630826064
1077,324371.9493340723
1078,172769.9632490347
1079,398403.5962873396
1080,621016.3548715011
1081,386255.16339448874
1082,724481.8640632132
1083,1494755.2841977065
1084,314220.09423575836
1085,684361.8838891021
1086,212746.1295442745
1087,407969.5767287699
1088,505748.6396216668
1089,377651.70571040415
1090,351276.17774104973
1091,1337582.3161414564
1092,757399.6878800647
1093,362639.0485219945
1094,697681.870600555
1095,190128.4194920789
1096,592808.7653974593
1097,871588.2702758876
1098,770649.2886064559
1099,469220.26872704836
1100,1004039.8200015955
1101,1021304.610546438
1102,462962.2786788003
1103,1108359.4746315894
1104,771934.7928635086
1105,475252.60869157105
1106,424933.9288960624
1107,892325.7767569422
1108,598766.3911081102
1109,262724.70459627756
1110,900844.9708058113
1111,1372879.822708253
1112,1252934.346255242
1113,344533.0963329126
1114,338943.3908663555
1115,1068306.4550867365
1116,826465.5329710194
1117,324716.9637683053
1118,657359.8099530025
1119,665894.650077186
1120,404697.63129024155
1121,861445.2256708805
1122,360686.0534133018
1123,1438270.0641910082
1124,370572.7164676813
1125,1265572.8755835947
1126,273247.7688327977
1127,981214.3735741666
1128,282387.6164757846
1129,975586.4628146745
1130,320517.66170641617
1131,488108.8498303588
1132,566596.0810209219
1133,514317.5566559044
1134,3272655.665453813
1135,778874.3839446827
1136,1008595.2524852179
1137,1005751.73932381
1138,351199.3401210863
1139,666406.1438251277
1140,605575.2847353729
1141,242238.47640518492
1142,452946.4699770124
1143,413186.71192962234
1144,378363.36127808195
1145,544552.0691714226
1146,346422.70022737945
1147,618817.8843021143
1148,1566727.8466110479
1149,2618508.444755889
1150,512243.1758438099
1151,367149.4688716146
1152,3402312.4877656386
1153,840290.764909065
1154,154958.84250024185
1155,539081.9030949471
1156,667486.9794896105
1157,352284.79135392536
1158,215703.44970158182
1159,651516.848035051
1160,402048.7124291926
1161,573280.6046465604
1162,396743.98617656546
1163,586351.2357700197
1164,524280.89495375875
1165,1518114.0320896502
1166,408668.71469180094
1167,428207.8410882804
1168,375478.3393105808
1169,677631.5658122703
1170,2321879.6989710554
1171,1243946.6267216932
1172,600481.6442285433
1173,669459.9775874023
1174,783996.4734743602
1175,365985.065237707
1176,362433.0111561517
1177,711007.4636964905
1178,985995.112177537
1179,1555124.3211207604
1180,536240.9777649399
1181,865028.8223974305
1182,231751.2621278221
1183,227187.36426296947
1184,541884.1718344952
1185,380145.9794222669
1186,171671.29058169253
1187,328260.13965273404
1188,906547.1823622573
1189,232064.48429294664
1190,1108017.227809072
1191,352308.65596692386
1192,273518.19291251554
1193,1106924.4278467437
1194,563144.5477691725
1195,241901.2583069924
1196,275053.12036059075
1197,402897.75163030205
1198,391186.65327264136
1199,357308.9924048626
1200,408334.5604406625
1201,664750.8627765059
1202,606209.5426162484
1203,221280.2328828753
1204,212475.48253155427
1205,324278.09140652476
1206,357277.7634756452
1207,253506.99163518852
1208,1352976.9126078447
1209,669153.5651890625
1210,328673.47241899004
1211,1091604.7120266224
1212,332176.8294486885
1213,783922.4405017212
1214,1004039.8200015955
1215,219657.30873993467
1216,404203.45827883086
1217,1157787.077514875
1218,351702.6342277157
1219,544610.4267207629
1220,580819.6063827066
1221,410537.1439613745
1222,149462.09354578712
1223,377340.33299748856
1224,729548.2573430189
1225,470376.3840762108
1226,373607.0783909592
1227,346048.8680237617
1228,564582.5363027046
1229,746749.7983029183
1230,369531.9310279147
1231,1026761.3032660935
1232,281421.7804622486
1233,531630.5086855133
1234,538555.7067049502
1235,966418.7812794537
1236,271899.5272307554
1237,3179428.649070503
1238,318950.61131491564
1239,570317.962769496
1240,224613.75810797221
1241,566180.1141627879
1242,264506.10447365686
1243,266370.9510605895
1244,327804.38192281994
1245,360385.441927076
1246,1190344.052796367
1247,1363940.5350843172
1248,211466.19788628278
1249,337022.88117875153
1250,285140.37510994996
1251,740900.1396460902
1252,1159697.3472463305
1253,525534.7272433726
1254,406795.3731794871
1255,1299521.627778589
1256,538812.4164886102
1257,404022.5918098614
1258,618113.6828837905
1259,1029615.9873332514
1260,531521.4991567734
1261,385303.1523003555
1262,198809.68282401696
1263,875178.265866089
1264,364074.6102995221
1265,1144080.9271417325
1266,288120.3518057544
1267,440669.5898669061
1268,409349.4232957521
1269,302686.20553330565
1270,731315.1016545979
1271,1224989.3368086647
1272,542350.0346186121
1273,988829.3675282428
1274,460571.80390928965
1275,194522.36303847705
1276,1104777.6362046895
1277,539889.2537477887
1278,822751.483633977
1279,1079986.3127989334
1280,203678.65197471078
1281,344533.866885255
1282,1178559.0572102661
1283,920869.5394541752
1284,548977.9629635416
1285,926529.4202972453
1286,338740.85817497293
1287,343048.7816542479
1288,361083.3781539383
1289,303272.09367197845
1290,1039982.2381196086
1291,723354.510557828
1292,498831.2033423993
1293,566650.3746066575
1294,1590777.2276627303
1295,398403.5962873396
1296,750702.9452252617
1297,370374.9986394252
1298,273050.16836077324
1299,533250.0208046498
1300,1294469.6293783702
1301,304616.67895533645
1302,805477.6951226847
1303,567752.025678901
1304,450856.7053000409
1305,651720.0571018193
1306,881618.852847478
1307,390838.95357268886
1308,1558135.4186278363
1309,635054.8245748134
1310,311936.91329777637
1311,421506.7312762658
1312,324766.1809301728
1313,807438.324968457
1314,220845.36636640417
1315,1207112.395349386
1316,999584.9069979636
1317,293860.11879316624
1318,332829.3997238169
1319,483172.52120255266
1320,633480.640699949
1321,975047.8260357308
1322,897872.0483137234
1323,812342.2535138149
1324,527568.1770130717
1325,436334.0004565101
1326,786074.757839289
1327,589935.9044080984
1328,193524.59055678913
1329,195633.4424510251
1330,315240.52374013426
1331,326962.0208426155
1332,1533451.8995322874
1333,545226.7662733437
1334,692475.851849941
1335,867284.1576642013
1336,633523.2718598155
1337,406781.3519859528
1338,364386.8301950802
1339,524521.4252191092
1340,322372.2935588405
1341,768135.8814984157
1342,564578.1034069145
1343,2148195.7862306526
1344,1153853.8587543003
1345,919595.3771155714
1346,1967896.5128445905
1347,662296.9040302886
1348,639950.33464877
1349,625197.9610632606
1350,341141.5422757003
1351,404299.50724933663
1352,519757.08143209637
1353,1214131.7780753826
1354,358796.78496789694
1355,579632.9607798421
1356,409349.4232957521
1357,530449.0815590108
1358,320807.7910219791
1359,551457.5752712681
1360,526700.0655228847
1361,554759.1366135586
1362,568679.592136945
1363,576024.161843884
1364,750272.505535349
1365,687639.4712308791
1366,843354.9699178957
1367,900968.1839884103
1368,383482.6733585078
1369,292237.6741888025
1370,367598.1485041343
1371,239317.47454348192
1372,796695.1523343493
1373,377374.9536084903
1374,307995.5770012711
1375,1111998.9053214341
1376,469445.8458792869
1377,607923.2534816035
1378,321327.23294582794
1379,272160.87847353716
1380,397512.29756318644
1381,301570.73320186697
1382,815908.9532421663
1383,255175.69348879033
1384,670851.7496110017
1385,565983.8979554444
1386,1038412.1154285644
1387,590876.4271695092
1388,930703.3259909009
1389,267745.0737522456
1390,2287263.7256047563
1391,691364.3841716617
1392,161754.74846715527
1393,355263.85535304266
1394,352095.4890425513
1395,1474496.5912514403
1396,218905.96675643136
1397,804957.3255369187
1398,609343.5312282809
1399,782444.6527623585
1400,883614.4018350325
1401,306236.68022014084
1402,385423.66103009135
1403,886614.0272212104
1404,340427.9763435501
1405,1983300.8624180513
1406,472417.95665296674
1407,417707.4461875793
1408,411705.0178650188
1409,630531.2682915479
1410,594642.3628483163
1411,183224.66422573326
1412,1170996.6845874947
1413,1210309.260695802
1414,1498675.9239169757
1415,803175.106077312
1416,415378.7246732465
1417,1221041.0467333372
1418,562480.2391680419
1419,281266.4004680685
1420,753824.9817558
1421,3046278.448345702
1422,1153853.8587543003
1423,614572.0426423062
1424,239376.46947008366
1425,366349.5040596431
1426,290755.65028986236
1427,813518.6289196669
1428,669097.7330131696
1429,638220.0851993976
1430,663024.0757126992
1431,607703.4547500289
1432,589612.2840947368
1433,681953.6102690219
1434,255122.7502771188
1435,335976.2879638346
1436,562830.3071501794
1437,725372.5411815553
1438,2139639.3089786777
1439,2795612.880417553
1440,903904.6784703737
1441,533250.0208046498
1442,989075.5314668695
1443,403892.83758366504
1444,968290.4050064231
1445,260949.25833030939
1446,524787.3296004725
1447,372045.35362423945
1448,977460.8437587501
1449,1074432.9242600126
1450,264800.09944358276
1451,758322.8746736125
1452,389081.3681364486
1453,1269872.0491354298
1454,348810.9237400078
1455,385240.47403034824
1456,305129.31188383163
1457,270058.9465284499
1458,597552.9035868504
1459,374667.7399753387
1460,319606.5318496236
1461,385921.5204713865
1462,1086927.9387489276
1463,658073.8061420835
1464,401115.7499076252
1465,448227.12520248914
1466,461678.0300413242
1467,1262650.2703651541
1468,864941.3536845556
1469,302995.43981147034
1470,871444.3079486514
1471,356304.93491782894
1472,561642.3816558338
1473,487790.5532542036
1474,557189.4991230875
1475,1517632.2265575877
1476,816312.5856894949
1477,249350.31457841088
1478,353602.0735901516
1479,399437.6320464968
1480,331705.6011441941
1481,280523.4492145838
1482,214492.97725623363
1483,508016.4122600735
1484,1043100.0469324033
1485,576256.8369329214
1486,484580.9818646684
1487,403777.712914968
1488,413101.1282013139
1489,621608.2327133869
1490,1210917.5779862266
1491,747866.2726020282
1492,279920.3011001342
1493,832465.5607524534
1494,697726.334861387
1495,277431.31036505854
1496,680424.2352190204
1497,1449604.4671065938
1498,429166.91088786063
1499,302233.9001041304
1500,288307.217655081
1501,525740.0621268275
1502,717816.5285520331
1503,1108359.4746315894
1504,1266727.6795794098
1505,649566.8073288755
1506,421575.1198487709
1507,465031.70468310255
1508,1145813.7789406902
1509,429007.66837420885
1510,798668.577414749
1511,365326.9162306313
1512,1630913.8455877595
1513,694196.9313066798
1514,1293860.7266164713
1515,516058.2076731459
1516,517841.2047071658
1517,424835.99710850586
1518,562602.8394268182
1519,321732.9841539571
1520,156340.21143032613
1521,231751.2621278221
1522,482689.3090918564
1523,523466.9741885222
1524,358074.63710398285
1525,230963.7970719742
1526,218831.44419789722
1527,499638.358866971
1528,321555.39465050615
1529,1057782.795787806
1530,582642.1271607177
1531,1104963.1045922416
1532,2478349.782512078
1533,816312.5856894949
1534,305872.4555407284
1535,349626.36171463307
1536,340771.2644073532
1537,3245207.476602085
1538,323789.56039096444
1539,314482.41741932504
1540,666879.1433609045
1541,967774.9548342375
1542,463942.47082915046
1543,546694.9054857636
1544,256695.1237390462
1545,502958.7590782948
1546,370302.939731847
1547,1115164.9421865346
1548,475252.60869157105
1549,539498.0605898787
1550,410629.4125095849
1551,423281.47614189994
1552,409463.7827896628
1553,1605017.4519764427
1554,985913.1573543028
1555,1288413.7442146097
1556,261892.19154577632
1557,414791.7089736596
1558,660221.5266247997
1559,405976.67550480936
1560,393984.8932228889
1561,459989.1058631441
1562,521571.7336630909
1563,406795.3731794871
1564,418561.45709940017
1565,325694.30152419535
1566,181292.10746167222
1567,222914.92797599878
1568,538555.7067049502
1569,380560.4732499799
1570,226184.64259934486
1571,334940.0939510713
1572,689351.8179419269
1573,545588.4725681149
1574,569057.1187479531
1575,475286.552114067
1576,388384.39250681817
1577,368590.68487851595
1578,221360.3050712536
1579,485951.498660803
1580,397365.11830369674
1581,542586.6824777973
1582,1138837.0766014608
1583,356181.6807357877
1584,440615.3491780614
1585,244685.18589399758
1586,347148.36981139844
1587,367365.7976444534
1588,900999.507252557
1589,354063.77273980854
1590,282478.8925735392
1591,756982.3791185783
1592,369105.3198725278
1593,371367.72401661903
1594,312394.6287105356
1595,228620.77517539248
1596,766961.1960462448
1597,684799.1561598938
1598,876862.808132536
1599,1022154.001690053
1600,366383.5537906212
1601,1721998.5956475737
1602,543959.5118448703
1603,320451.6379585249
1604,1202597.6181103226
1605,200610.54380329498
1606,377340.33299748856
1607,605146.6040444918
1608,619037.9890084239
1609,547154.1931356639
1610,665960.4588718428
1611,631777.3750789509
1612,599014.1821134336
1613,279116.46584460954
1614,379281.1504038693
1615,343840.1053893303
1616,501184.6177849551
1617,1755691.5176961622
1618,661659.9067333066
1619,1163073.7583511802
1620,386380.2231227932
1621,540452.6343129119
1622,1241106.3086709839
1623,473278.44371246226
1624,514779.89516027225
1625,530877.0740066847
1626,212281.48228090492
1627,951628.2871251998
1628,292619.15625801927
1629,553573.6531936005
1630,502216.9757502836
1631,1112490.963763841
1632,385646.95008852513
1633,702718.187027365
1634,490896.6745041111
1635,1427882.5137795734
1636,566486.8999845744
1637,367144.3647657261
1638,2477593.0813261196
1639,551728.129910886
1640,831404.8602702118
1641,342299.7351501401
1642,334096.8478446407
1643,1426392.257043636
1644,1032605.2769161268
1645,1187741.1178454
1646,725340.6696631926
1647,783347.0068126039
1648,300031.11416507605
1649,823814.5921228811
1650,339811.6958618197
1651,789576.1256813104
1652,1057782.795787806
1653,657539.396495647
1654,398359.30386925634
1655,1057782.795787806
1656,669278.8362611645
1657,1928919.2505417333
1658,431303.87714532844
1659,1256516.223356984
1660,300413.2878249733
1661,390317.22783261916
1662,243652.26123013004
1663,902308.7825973649
1664,3895661.461284751
1665,373393.77280976466
1666,354058.7252122263
1667,508140.2362954138
1668,334096.8478446407
1669,396028.9898277713
1670,579824.7835508429
1671,299800.63243847777
1672,1328921.4290468737
1673,511426.25637624826
1674,328794.86714457977
1675,1395555.1839118276
1676,546827.0627197562
1677,270276.1862894995
1678,330078.2791448439
1679,384325.5185096131
1680,385295.42975276633
1681,331705.6011441941
1682,506212.90370874305
1683,406784.8135327355
1684,330770.5721836566
1685,1134469.556482782
1686,558056.0750528679
1687,358637.82295810897
1688,409349.4232957521
1689,394438.575270069
1690,753558.3754265392
1691,1049041.1500500196
1692,400278.2304795717
1693,315091.1267282571
1694,1029801.4564056037
1695,495504.82410353975
1696,435693.2581086085
1697,331705.6011441941
1698,256903.64308928244
1699,562745.2045776285
1700,387097.67379674636
1701,402357.11435755825
1702,843602.0450442645
1703,617939.6617067781
1704,666960.8854036194
1705,1019790.349770595
1706,753964.4480086786
1707,340623.9288358026
1708,676535.8016123944
1709,317733.52111722453
1710,1183263.521640111
1711,415886.59419704456
1712,292957.78873315983
1713,262635.77405721735
1714,375264.6757876484
1715,262316.7469377219
1716,279585.589774154
1717,423542.6824490141
1718,352701.5677647518
1719,348976.5005551647
1720,347028.55678718415
1721,364628.1634544352
1722,777126.7395608714
1723,218335.3729589957
1724,531589.1518503473
1725,967806.5949070681
1726,315750.83713586867
1727,889920.2027675511
1728,937452.8662617112
1729,1543346.7345226447
1730,218017.71910316855
1731,514414.54548878793
1732,548358.680650132
1733,1141205.0871142107
1734,498611.816282001
1735,1075386.6347896724
1736,524357.434608128
1737,518560.2111714114
1738,405754.93473862065
1739,601786.2106406783
1740,351665.79591334215
1741,532578.9315358084
1742,1056256.72184111
1743,1172760.4485043532
1744,223838.60617850343
1745,414733.13249962765
1746,425454.9798835804
1747,1383465.927866346
1748,378170.44317158
1749,1332367.0738865552
1750,868891.2505180831
1751,528573.8746877731
1752,237930.14641406844
1753,380725.69336280716
1754,247582.54541872858
1755,361101.97964350705
1756,173264.32916369408
1757,320028.8170567812
1758,262518.2262881626
1759,600653.258347736
1760,830581.4650970334
1761,796283.4728974567
1762,1125901.7186186782
1763,372145.991425479
1764,1751448.0051500313
1765,1711674.2220553067
1766,563978.3086643617
1767,592371.6439289697
1768,493780.05706861586
1769,1488377.3237891174
1770,1982223.239807564
1771,466467.8271492598
1772,543474.2884395581
1773,291437.27259006264
1774,371067.82635886397
1775,352352.4183928679
1776,1102706.7377931888
1777,442755.6777314464
1778,1225231.107057625
1779,888452.1449346343
1780,196454.83265204047
1781,399175.1299953105
1782,372902.6905512627
1783,365138.63887188764
1784,492291.7347163279
1785,583497.1788948805
1786,679523.306847735
1787,576818.6165087356
1788,364615.4111952219
1789,1051516.411024813
1790,1139455.087837124
1791,739219.9690302148
1792,708029.6951216521
1793,332074.38614240487
1794,683637.5104074401
1795,362447.1629418376
1796,1428641.9206829048
1797,2762296.8790237224
1798,382853.6596813976
1799,1195584.3701885934
1800,278090.5586862735
1801,546641.0935984114
1802,531521.4991567734
1803,776880.5649171676
1804,1313180.1037816426
1805,340462.66990658507
1806,669207.880485613
1807,642967.8916765423
1808,560004.513048828
1809,1360274.5564524303
1810,303272.09367197845
1811,453969.3922779503
1812,384554.21293692646
1813,797350.3262597221
1814,409719.37104864104
1815,385773.22157340357
1816,303225.1020604954
1817,452483.33811734203
1818,603723.6878407508
1819,427070.07806383
1820,369440.9251814898
1821,239279.81204583618
1822,427902.89643563976
1823,355907.81739386125
1824,1243627.1202233995
1825,590378.8488655726
1826,224176.88613283465
1827,393762.42205929576
1828,532570.6973812147
1829,1881171.945532155
1830,972620.0330664684
1831,394400.60109979485
1832,1262186.617278822
1833,1004039.8200015955
1834,1194891.0589214885
1835,249072.83811699346
1836,353602.0735901516
1837,1610039.2542878205
1838,402048.7124291926
1839,283404.9512673786
1840,805687.3966416998
1841,543474.2884395581
1842,298701.0302657868
1843,349971.7458506374
1844,608521.6105211399
1845,261466.1737058171
1846,1659734.020902746
1847,400984.6747802652
1848,869263.1657378183
1849,1700305.551201809
1850,293322.33258973557
1851,351714.7308277741
1852,545844.0986197301
1853,850712.9223743519
1854,401900.2310786357
1855,599727.794961348
1856,725083.3772927969
1857,1138777.5075689727
1858,256564.57356889965
1859,376135.8266599506
1860,891866.4779325827
1861,1321823.079324626
1862,753810.0592205107
1863,231177.36381489786
1864,346348.64700201625
1865,1054788.3362586428
1866,290684.32437345065
1867,267322.3271318863
1868,327167.96546993015
1869,1331321.2075632955
1870,207373.94953085354
1871,367493.17325093155
1872,586374.4285356563
1873,850701.3523513435
1874,942456.385431169
1875,617630.960434978
1876,1080220.8874927307
1877,665008.6670828928
1878,489803.660346358
1879,750272.505535349
1880,1140558.1352062435
1881,258002.95892388697
1882,402394.978002173
1883,577905.3103482458
1884,897869.8956102962
1885,472464.9257146195
1886,523961.2868980104
1887,762323.7661013999
1888,185780.53111594135
1889,255777.50474223625
1890,944864.7807692689
1891,377374.9536084903
1892,593291.21338874
1893,232105.71891407706
1894,491517.1171040671
1895,454601.4093537594
1896,564889.7596831598
1897,1086445.3459524487
1898,951587.5876658028
1899,801929.0737720781
1900,411316.45030688285
1901,361780.22077230026
1902,384213.86109955393
1903,1978736.861897778
1904,518565.4404965954
1905,557209.3648451732
1906,514435.9498787844
1907,341450.46024409524
1908,1262063.551452519
1909,831603.3154632916
1910,675994.4500714263
1911,587341.894844696
1912,586434.4471240346
1913,272566.1518965995
1914,347397.0470496648
1915,747219.3967550952
1916,648583.1390105891
1917,602892.8959951828
1918,496060.8832373837
1919,960773.8000996727
1920,141245.51205731128
1921,804774.8694437272
1922,1205137.109553672
1923,853006.7378120993
1924,397343.5922787761
1925,387845.2706523781
1926,1170996.6845874947
1927,340042.3156723869
1928,257565.23795988015
1929,502160.0814850498
1930,1542748.2031087105
1931,1311603.8946065954
1932,790070.1774598804
1933,379562.2001548409
1934,302940.59639956546
1935,406849.5863932876
1936,1308805.6734263347
1937,531045.7297212303
1938,917007.5172060449
1939,798582.2246484169
1940,359109.6582110464
1941,269019.31099625886
1942,292085.1636252214
1943,912947.2006592952
1944,301995.3665761393
1945,307824.96120380645
1946,519742.38923482073
1947,788593.7610091812
1948,692651.8828304447
1949,348721.7376791211
1950,481414.195660006
1951,517010.4214395683
1952,549139.1115346268
1953,455361.55063314375
1954,606215.5818140176
1955,393030.0935063593
1956,466480.529152876
1957,270495.4819587212
1958,731315.1016545979
1959,854695.7061642891
1960,524588.9714706704
1961,625365.9527723438
1962,581084.4134619564
1963,366748.5237180622
1964,204446.039004234
1965,219332.84854523276
1966,524840.0811681426
1967,370128.5345027853
1968,891163.5726990587
1969,895972.1939756768
1970,175986.7728305099
1971,664872.3164182961
1972,557464.2502438445
1973,456104.12057894195
1974,456476.04527611425
1975,1147631.2465037338
1976,367262.1814484566
1977,218842.66771884816
1978,416606.57232526364
1979,852937.6255393353
1980,388212.5797961495
1981,1138837.0766014608
1982,495653.68914966745
1983,1192524.7720294506
1984,870855.2788013865
1985,427289.8833364296
1986,326210.78462378355
1987,363360.9209073848
1988,792713.8152207258
1989,513172.0459056497
1990,812689.1824924576
1991,174441.62958981827
1992,276246.00083978166
1993,246701.97666544266
1994,1413184.1255186158
1995,546377.0775842781
1996,343576.48987921973
1997,345137.07291416946
1998,765368.654263734
1999,300036.6669689611
